,korean
1,"KRF[235]S. Lee, J. Seon, S. H. Kim, and Jin Young Kim, “Power trading system through the prediction of demand and supply in distributed power system based on deep reinforcement learning,” The Journal of The Institute of Internet, Broadcasting and Communication (J. IIBC), vol. 21, no. 6, pp.163-171, Dec. 2021."
2,"KRF[234]C. Kyeong, W. Jung, J. Seon, Y. G. Sun, and Jin Young Kim, “Performance analysis of exercise gesture-recognition using convolutional block attention module,” The Journal of The Institute of Internet, Broadcasting and Communication (J. IIBC), vol. 21, no. 6, pp.155-161, Dec. 2021."
3,"KRF[233]D. Lee, J. Lee, C. Kyeong, and Jin Young Kim, “Bi-directional electricity negotiation scheme based on deep reinforcement learning algorithm in smart building systems,” The Journal of The Institute of Internet, Broadcasting and Communication (J. IIBC), vol. 21, no. 5, pp.215-219, Oct. 2021."
4,"KRF[232]J. Lee, Y. G. Sun, S. Lee, and Jin Young Kim, “Energy theft detection based on feature selection methods and SVM,” The Journal of The Institute of Internet, Broadcasting and Communication (J. IIBC), vol. 21, no. 5, pp.119 -125, Oct. 2021."
5,"KRF[231]C. Kyeong, J. Seon, Y. G. Sun, and Jin Young Kim, “Non-intrusive load monitoring method based on long-short term memory to classify power usage of appliances,” The Journal of The Institute of Internet, Broadcasting and Communication (J. IIBC), vol. 21, no. 4, pp. 109-116, Aug. 2021."
6,"KRF[230]J. Seon, Y. G. Sun, S. H. Kim, C. Kyeong, I. Sim, H. J. Lee, and Jin Young Kim, “Classification method of multi-state appliances in non-intrusive load monitoring environment based on Gramian angular field,” The Journal of The Institute of Internet, Broadcasting and Communication (J. IIBC), vol. 21, no. 3, pp. 183-191, June 2021."
7,"KRF[229]Y. G. Sun, J. Lee, S. H. Kim, S. Kim, H. J. Lee, and Jin Young Kim, “Prediction technique of energy consumption based on reinforcement learning in microgrids,” The Journal of The Institute of Internet, Broadcasting and Communication (J. IIBC), vol. 21, no. 3, pp. 175-181, June 2021."
8,"KRF[228]S. Wu, M. Kwon, Jin Young Kim, and Y. Shin, ""Deep reinforcement learning for mode optimization in RF-powered backscatter cognitive radio networks,” The Journal of Korean Institute of Communications and Information Sciences (KICS), vol. 46, no. 02, pp.246-256, Feb. 2021. "
9,"KRF[227]S. H. Kim, D. Lee, Y. G. Sun, Y. M. Hwang, Y. Shin, D. I. Kim and Jin Young Kim, “Blind channel estimation through clustering in backscatter communication systems,” The Journal of The Institute of Internet, Broadcasting and Communication (J. IIBC), vol. 20, no. 2, pp. 81-86, Apr. 2020."
10,"KRF[226]D. Lee, Y. G. Sun, S. H. Kim, I. Sim, K. S. Lee, M. N. Song and Jin Young Kim, “Image rotation correction algorithm for improving CNN-based image recognition rate,” The Journal of The Institute of Internet, Broadcasting and Communication (JIIBC), vol. 20, no. 1, pp. 225-229, Feb. 2020."
11,"KRF[225]D. Lee, Y. G. Sun, S. H. Kim, I. Sim, K. S. Lee, M. N. Song and Jin Young Kim, “Transfer learning-based object detection algorithm using YOLO network,” The Journal of The Institute of Internet, Broadcasting and Communication (JIIBC), vol. 20, no. 1, pp. 219-223, Feb. 2020."
12,"KRF[224]J. Lee, Y. G. Sun, S. M. Lee, S. H. Kim, Y. Kim, W. Lee, I. Sim and Jin Young Kim, “Implementation of smart meter applying power consumption prediction based on GRU model,” The Journal of The Institute of Internet, Broadcasting and Communication (JIIBC), vol. 19, no. 5, pp. 93-99, Oct. 2019."
13,"KRF[223]S. M. Lee, Y. G. Sun, J. Lee, D. Lee, E. I. Cho, D. H. Park, Y. B. Kim, I. Sim and Jin Young Kim, “Short-term power consumption forecasting based on IoT power meter with LSTM and GRU deep learning,” The Journal of The Institute of Internet, Broadcasting and Communication (JIIBC), vol. 19, no. 5, pp. 79-85, Oct. 2019."
14,"KRF[222] S. Wu, Jin Young Kim, D. I. Kim and Y. Shin, “An approach to improve achievable secondary throughput for RF-powered backscatter cognitive radio networks,” The Journal of Korean Institute of Communications and Information Sciences (KIC), vol. 44, no. 9, pp. 1702-1712, Sep. 2019."
15,"KRF[221] S. H. Kim, D. Lee, Y. G. Sun, I. Sim, Y. M. Hwang, Y. Shin, D. I. Kim and Jin Young Kim, “Method for channel estimation in ambient backscatter communication,” The Journal of The Institute of Internet, Broadcasting and Communication (JIIBC), vol. 19, no. 4, pp. 7-12, Aug. 2019."
16,"KRF[220] D. Lee, Y. G. Sun, S. H. Kim, I. S, Y. M. Hwang and Jin Young Kim, “Comparison of power consumption prediction scheme based on artificial intelligence,” The Journal of The Institute of Internet, Broadcasting and Communication (JIIBC), vol. 19, no. 4, pp. 161-167, Aug. 2019."
17,"KRF[219] S. H. Kim, Y. G. Sun, D. Lee, I. Sim, Y. M. Hwang, H. S. Kim, H. Kim and Jin Young Kim, “Mid-term energy demand forecasting using conditional restricted boltzmann machine,” The Journal of Institute of Korean Electrical and Electronics Engineers (IKEEE), vol. 23, no. 1, pp. 127-133, Mar. 2019."
18,"KRF[218] H. C. Jung, Y. G. Sun, D. Lee, S. H. Kim, Y. M. Hwang, I. Sim, S. K. Oh, S. H. Song and Jin Young Kim, “Prediction for energy demand using 1D-CNN and bidirectional LSTM in internet of energy,” The Journal of Institute of Korean Electrical and Electronics Engineers (IKEEE), vol. 23, no. 1, pp. 134-142, Mar. 2019."
19,"KRF[217]D. Lee, Y. G. Sun, Y. G. Sun, I. Sim, Y. M. Hwang, S. Kim and Jin Young Kim, “Prediction of power consumptions based on gated recurrent unit for internet of energy,” The Journal of Institute of Korean Electrical and Electronics Engineers (IKEEE), vol. 23, no. 1, pp. 120-126, Mar. 2019."
20,"KRF[216] Y. M. Hwang, S. Y. Lee, Y. G Sun, I. Sim, Y. Shin, D. I. Kim and Jin Young Kim, “Optimal transmission time allocation for RF-powered backscatter cognitive radio networks,” The Journal of Korean Institute of Communications and Information Sciences(KICS), vol. 44, no. 2, pp. 326-329, Feb. 2019. "
21,"KRF[215] S. Wu, D. I. Kim, Y. Shin and Jin Young Kim, “QBD-based energy model for RF-powered backscatter cognitive radio networks,” The Journal of Korean Institute of Communications and Information Science(KICS), vol. 44, no. 1, pp. 181-189, Jan. 2019."
22,"KRF[214] S. Y. Lee, Y. G. Sun, I. Sim, Y. M. Hwang, S. H. Yeon, J. S Cha and Jin Young Kim, “Performance of hybrid modulation for digital IoT doorlock system with color grid,” The Journal of The Institute of Internet, Broadcasting and Communication (JIIBC), vol. 18, no. 6, pp. 91-97, Dec. 2018."
23,"KRF[213] S. Y. Lee, Y. G. Sun, I. Sim, Y. M. Hwang, S. H. Yeon, J. S Cha and Jin Young Kim, “Multiple access capability of digital IoT doorlock system for smart building,” The Journal of The Institute of Internet, Broadcasting and Communication (JIIBC), vol. 18, no. 6, pp. 99-105, Dec. 2018."
24,"KRF[212] S. Y. Lee and Jin Young Kim, “Performance of privacy amplification in quantum key distribution systems,” The Journal of The Institute of Internet, Broadcasting and Communication (JIIBC), vol. 18, no. 5, pp. 111-116, Oct. 2018."
25,"KRF[211] D. G. Lee, S. H. Kim, H. C. Jung, Y. G. Sun, I. Sim, Y. M. Hwang and Jin Young Kim, “Power consumption prediction scheme based on deep learning for powerline communication systems,” The Journal of Institute of Korean Electrical and Electronics Engineers (IKEEE), vol. 22, no. 3, pp. 822-828, Sept. 2018."
26,"KRF[210] Y. G. Sun, S. H. Kim, D. G. Lee, S. H. Park, I. Sim, Y. M. Hwang and Jin Young Kim, “Implementation of smart metering system based on deep learning,” The Journal of Institute of Korean Electrical and Electronics Engineers (IKEEE), vol. 22, no. 3, pp. 829-835, Sept. 2018."
27,"KRF[209] S. Y. Lee, Y. M. Hwang, Y. G. Sun, S. H. Yoon and Jin Young Kim, “Performance of pilot-based signal detection for digital IoT doorlock system,” The Journal of Institute of Korean Electrical and Electronics Engineers (IKEEE), vol. 22, no. 3, pp. 723-728, Sept. 2018."
28,"KRF[208] Y. M. Hwang, Y. G. Sun, Y. Shin, D. I. Kim and Jin Young Kim, “Energy efficiency of decoupled RF energy harvesting networks in various user distribution environments,” The Journal of The Korea Institute of Intelligent Transport Systems (J. KITS), vol. 17, no. 4, pp. 159-167, Aug. 2018."
29,"KRF[207] Y. G. Sun, Y. M. Hwang, I. Sim and Jin Young Kim, “Deep learning based error control in electric vehicle charging systems using power line communication,” The Journal of The Korea Institute of Intelligent Transport Systems (J. KITS), vol. 17, no. 4, pp. 150-158, Aug. 2018."
30,"KRF[206] Y. G. Sun, Y. M. Hwang, I. Sim and Jin Young Kim, “Impulsive noise mitigation scheme based on deep learning,” The Journal of The Korea Institute of Intelligent Transport Systems (J. KITS), vol. 17, no. 4, pp. 138-149, Aug. 2018."
31,"KRF[205] Y. G. Sun, Y. M. Hwang, I. Sim and Jin Young Kim, “De-noising in power line communication using noise modeling based on deep learning,” The Journal of The Institute of Internet, Broadcasting and Communication (JIIBC), vol. 18, no. 4, pp. 55-60, Aug. 2018."
32,"KRF[204] S. Y. Lee and Jin Young Kim, “Privacy amplification of correlated key decryption over public channels,” The Journal of The Institute of Internet, Broadcasting and Communication (JIIBC), vol. 18, no. 4, pp. 73-78, Aug. 2018."
33,"KRF[203] S. Y. Lee and Jin Young Kim, “Security amplification of partially trusted quantum key distribution system,” Journal of Korea Society of Space Technology (J. KOSST), vol. 12, no. 4, pp. 152-156, Dec. 2017."
34,"KRF[202] Y. M. Hwang, Y. G. Sun, S. H. Kim and Jin Young Kim, “Signal transmission scheme for power line communications for internet of energy,” Journal of Korea Society of Space Technology (J. KOSST), vol. 12, no. 4, pp. 146-151, Dec. 2017."
35,"KRF[201] Y. M. Hwang, Y. Shin, D. I. Kim and Jin Young Kim, “An efficient spectrum sensing technique for wireless energy harvesting systems,” Journal of Korea Society of Space Technology (J. KOSST), vol. 12, no. 4, pp. 141-145, Dec. 2017."
36,"KRF[200] S. G. Hong, Y. M. Hwang, Y. G. Sun, Y.  Shin, D. I. Kim and Jin Young Kim, “Performance analysis for malicious interference avoidance of backscatter communications based on game theory,” Journal of Korea Society of Space Technology (J. KOSST), vol. 12, no. 4, pp. 100-105, Dec. 2017."
37,"KRF[199] Thu. Nguyen, J. H. Lee, Y. Shin, Jin Young Kim and D. I. Kim, “Energy detector design for ambient backscatter communications,” Journal of Korean Institute of Communications Sciences (J. KICS), vol. 42, no. 12, pp. 2232-2240, Dec. 2017."
38,"KRF[198] J. N. Bae and Jin Young Kim, “A low-power design of delta-sigma based digital frequency synthesizer for bio sensor networks,” Journal of Institute of Internet, Broadcasting and Communications (J. IIBC), vol. 17, no. 5, pp. 193-197, Oct. 2017."
39,"KRF[197] S. G. Hong, S. Y. Lee and Jin Young Kim, “Frequency selection methods in RF-powered backscatter cognitive radio networks with spectrum sensing,” Journal of Korea Society of Space Technology (J. KOSST), vol. 12, no. 3, pp. 98-102, Sept. 2017."
40,"KRF[196] Y. G. Sun, Y. M. Hwang, S. G. Hong and Jin Young Kim, “Performance of real-time image recognition algorithm based on machine learning,” Journal of Korea Society of Space Technology (J. KOSST), vol. 12, no. 3, pp. 69-73, Sept. 2017."
41,"KRF[195] Y. G. Sun, I. Sim, S. G. Hong and Jin Young Kim, “Machine learning-based signal prediction method for power line communication systems,” Journal of Korea Society of Space Technology (J. KOSST), vol. 12, no. 3, pp. 74-79, Sept. 2017."
42,"KRF[194] Y. M. Hwang, D. S. Shin and Jin Young Kim, “Power control in RF energy harvesting networks,” Journal of Korea Society of Space Technology (J. KOSST), vol. 12, no. 2, pp. 51-55, June 2017."
43,"KRF[193] D. K. Kim, Y. M. Hwang, S. G. Hong and Jin Young Kim, “Spectrum assignment scheme based on artificial intelligence for powerline communication systems,” Journal of Korea Society of Space Technology (J. KOSST), vol. 12, no. 2, pp. 46-50, June 2017."
44,"KRF[192] D. K. Kim, Y. M. Hwang, I. Sim and Jin Young Kim, “Efficient signal detection based on artificial intelligence for powerline communication systems,” Journal of Korea Society of Space Technology (J. KOSST), vol. 12, no. 2, pp. 42-45, June 2017."
45,"KRF[191] Y. M. Hwang and Jin Young Kim, “Performance of multiuser detector based on radial basis function for DS-CDMA powerline communication systems,” Journal of Korea Society of Space Technology (J. KOSST), vol. 12, no. 1, pp. 1-5, Mar. 2017."
46,"KRF[190] S. Y. Lee and Jin Young Kim, “Privacy amplification of quantum key distribution systems using dual universal Hush function,” Journal of Korea Society of Space Technology (J. KOSST), vol. 12, no. 1, pp. 38-42, Mar. 2017."
47,"KRF[189] J. H. Jung, Y. M. Hwang, S. G. Hong, T. W. Kim and Jin Young Kim, “Position error correction algorithm for improvement of positioning accuracy in BLE beacon systems,” Journal of Korea Society of Space Technology (J. KOSST), vol. 11, no. 4, pp. 63-67, Dec. 2016."
48,"KRF[188] Y. M. Hwang, J. H, Jung, I. Shim, T. W. Kim and Jin Young Kim, “Pre-processing scheme for indoor precision tracking based on beacon,” Journal of Korea Society of Space Technology (J. KOSST), vol. 11, no. 4, pp. 58-62, Dec. 2016."
49,"KRF[187] D. K. Kim, S. G. Hong and Jin Young Kim, “Performance of backscatter communications using two-level classification algorithm on cognitive radio sensor networks,” Journal of Korea Society of Space Technology (J. KOSST), vol. 11, no. 4, pp. 52-57, Dec. 2016."
50,"KRF[186] K. Y. Kim, S. W. Lee, Y. S. Kim, J. S. Lee, Jin Young Kim and Y. Shin, “A chirp allocation scheme for multiple access interference reduction in chirp spread spectrum systems,” Journal of Korean Institute of Communications Sciences (J. KICS), vol. 41, no. 11, pp. 1420-1422, Nov. 2016."
51,"KRF[185] K. Y. Kim, S. W. Lee, Y. S. Kim, J. S. Lee, Jin Young Kim and Y. Shin, “Analysis of cross-correlation coefficient for chirp spread spectrum systems,” Journal of Korean Institute of Communications Sciences (J. KICS), vol. 41, no. 11, pp. 1417-1419, Nov. 2016."
52,"KRF[184] S. G. Hong, I. Sim, Y. M. Hwang and Jin Young Kim, “Performance of battery-less backscatter sensor networks based on good channel sensing,” Journal of Korea Society of Space Technology (J. KOSST), vol. 11, no. 3, pp. 6-11, Sept. 2016."
53,"KRF[183] S. Y. Lee and Jin Young Kim, “Privacy amplification of quantum key distribution systems using continuous variable,” Journal of Korea Society of Space Technology (J. KOSST), vol. 11, no. 3, pp. 1-5, Sept. 2016."
54,"KRF[182] J. Jung, Y. M. Hwang, K. H. Cha, J. S. Lee, Y. Shin and Jin Young Kim, “Iterative channel estimation algorithm for anti-jamming in MIMO communication systems,” Journal of Korea Society of Space Technology (J. KOSST), vol. 11, no. 3, pp. 32-36, Sept. 2016."
55,"KRF[181] I. Sim, Y. M. Hwang, S. Y. Lee and Jin Young Kim, “A scheme for energy detection based backscatter signal detection for switching antenna,” Journal of Korea Society of Space Technology (J. KOSST), vol. 11, no. 2, pp. 18-22, June 2016."
56,"KRF[180] S. G. Hong, Y. M. Hwang, S. Y. Lee and Jin Young Kim, “Multi-tag beamforming scheme based on backscatter communication for RF energy harvesting networks,” Journal of Korea Society of Space Technology (J. KOSST), vol. 11, no. 2, pp. 60-64, June 2016."
57,"KRF[179] J. H. Jung, Y. M. Hwang and Jin Young Kim, “Optimal time scheduling algorithm for decoupled RF energy harvesting networks,” Journal of Korea Society of Space Technology (J. KOSST), vol. 11, no. 2, pp. 55-59, June 2016."
58,"KRF[178] S. G. Hong, S. Y. Lee, Y. M. Hwang, J. S. Cha and Jin Young Kim, “An algorithm for optimal selection of communications for smart lighting in heterogeneous networks,” Journal of Korea Society of Space Technology (J. KOSST), vol. 11, no. 1, pp. 21-25, Mar. 2016."
59,"KRF[177] S. Y. Lee, J. S. Cha and Jin Young Kim, “Noise gain control scheme of efficient signal detection technique for multiple access VLC systems,” Journal of Korea Society of Space Technology (J. KOSST), vol. 11, no. 1, pp. 32-36, Mar. 2016."
60,"KRF[176] I. Sim, Y. M. Hwang, J. S. Cha and Jin Young Kim, “Performance of noise mitigation scheme based on EMD for heterogeneous networks,” Journal of Korea Society of Space Technology (J. KOSST), vol. 11, no. 1, pp. 26-31, Mar. 2016."
61,"KRF[175] Y. Song, G. H. Cha, Y. M. Hwang, J. S. Lee, M. H. Han, Jin Young Kim and Y. Shin, “Performance analysis of unmanned robot system based on LOS/NLOS channel,” Journal of Korea Society of Space Technology (J. KOSST), vol. 10, no. 4, pp. 12-16, Dec. 2015."
62,"KRF[174] S. Y. Lee, J. H. Jung, G. H. Cha, G. J. Son, S. J. Kim and Jin Young Kim, “Social safety systems through big data analysis of public data,” Journal of Korea Society of Space Technology (J. KOSST), vol. 10, no. 4, pp. 77-82, Dec. 2015."
63,"KRF[173] G. H. Cha, Y. Song, Y. M. Hwang, J. S. Lee, Jin Young Kim and Y. Shin, “A scheme for improvement of positioning accuracy based on BSS in jamming environments,” Journal of Korea Society of Space Technology (J. KOSST), vol. 10, no. 4, pp. 58-63, Dec. 2015."
64,"KRF[172] S. G. Hong, G. H. Cha, S. Y. Lee, Y. M. Hwang and Jin Young Kim, “A scheme for efficient data transmission and energy harvesting in drone systems using time-power switching,” Journal of Korea Society of Space Technology (J. KOSST), vol. 10, no. 4, pp. 71-76, Dec. 2015."
65,"KRF[171] K. Y. Kim, S. W. Lee, Y. S. Kim, J. S. Lee, Jin Young Kim and Y. Shin, “Multiple linear Chirp based transmission scheme for IEEE 802.15.4a chirp spread spectrum,” Journal of Korean Institute of Communications Sciences (J. KICS), vol. 40, no. 10, pp. 1937-1939, Oct. 2015."
66,"KRF[170] J. H. Jung, Y. M. Hwang, G. H. Cha and Jin Young Kim, “Channel selection using optimal channel selection policy in RF energy harvesting cognitive radio networks,” Journal of Korea Society of Space Technology (J. KOSST), vol. 10, no. 3, pp. 1-5, Sept. 2015."
67,"KRF[169] S. Y. Lee, G. Park and Jin Young Kim, “Sampling techniques for wireless data broadcast in communication,” Journal of Korea Society of Space Technology (J. KOSST), vol. 10, no. 3, pp. 57-61, Sept. 2015."
68,"KRF[168] G. H. Cha, I. Sim, S. G. Hong, J. H. Jung and Jin Young Kim, “A study of method and algorithm for stable flight of drone,” Journal of Korea Society of Space Technology (J. KOSST), vol. 10, no. 3, pp. 32-37, Sept. 2015."
69,"KRF[167] J. H. Jung, Y. M. Hwang, G. H. Cha and Jin Young Kim, “Opportunistic spectrum access using optimal control policy in RF energy harvesting cognitive radio networks,” Journal of Korea Society of Space Technology (J. KOSST), vol. 10, no. 3, pp. 6-10, Sept. 2015."
70,"KRF[166] Y. Song, Y. M. Hwang, J. H. Park, Jin Young Kim and Y. Shin, “Performance analysis of efficient subchannelization algorithm against partial band jamming,” Journal of Korea Society of Space Technology (J. KOSST), vol. 10, no. 2, pp. 14-18, June 2015."
71,"KRF[165] J. H. Jung, Y. M. Hwang, Y. Song and Jin Young Kim, “A method for improving network energy harvesting rate using user’s information feedback algorithm,” Journal of Korea Society of Space Technology (J. KOSST), vol. 10, no. 2, pp. 10-13, June 2015."
72,"KRF[164] J. H. Park, Y. M. Hwang, Y. Song and Jin Young Kim, “Efficient RF energy harvesting algorithm based on frequency selective fading map,” Journal of Korea Society of Space Technology (J. KOSST), vol. 10, no. 2, pp. 24-29, June 2015."
73,"KRF[163]J. H. Park, G. H. Cha, K. H. Kim, D. C. Lee, S. J. Kim and Jin Young Kim, “Implementation of crime prediction algorithm based on crime influential factors,” Journal of Korea Society of Space Technology (J. KOSST), vol. 10, no. 2, pp. 40-45, June 2015."
74,"KRF[162] J. H. Park, G. H. Cha, K. H. Kim, D. C. Lee, S. J. Kim and Jin Young Kim, “Analysis of relation between criminal types and spatial characteristics in urban areas,” Journal of Korea Society of Space Technology (J. KOSST), vol. 10, no. 1, pp. 6-11, Mar. 2015."
75,"KRF[161] S. Y. Lee, J. S. Cha, Y. M. Jang and Jin Young Kim, “Long distance high efficiency transmission techniques for digital signage,” Journal of Korea Society of Space Technology (J. KOSST), vol. 10, no. 1, pp. 62-66, Mar. 2015."
76,"KRF[160] J. H. Park, Y. M. Hwang, Jin Young Kim and J. J. Lee, “A study on the implementation of demand response system in smart grid,” Journal of Korea Society of Space Technology (J. KOSST), vol. 10, no. 1, pp. 44-48, Mar. 2015."
77,"KRF[159] Y. M. Hwang, J. S. Cha and Jin Young Kim, “Study on D2D relay based interconnection network of HAM radio and Wi-Fi for securing communication performance in satellite wireless package systems,” Journal of Korea Society of Space Technology (J. KOSST), vol. 10, no. 1, pp. 12-16, Mar. 2015."
78,"KRF[158] Y. M. Hwang, J. S. Cha and Jin Young Kim, “Performance of an adaptive D2D channel modeling scheme for satellite wireless package systems,” Journal of Korea Society of Space Technology (J. KOSST), vol. 10, no. 1, pp. 17-21, Mar. 2015."
79,"KRF[157] G. H. Jung, S. Y. Lee, J. H. Park and Jin Young Kim, “Efficient spectrum sensing for multi-copter,” Journal of Korea Society of Space Technology (J. KOSST), vol. 9, no. 4, pp. 20-25, Dec. 2014."
80,"KRF[156] S. Y. Lee and J. H. Park and Jin Young Kim, “Hybrid communication system for real-time video transmission of multicopter,” Journal of Korea Society of Space Technology (J. KOSST), vol. 9, no. 4, pp. 82-86, Dec. 2014."
81,"KRF[155] Y. M. Hwang, S. Y. Lee, S. W. Lee and Jin Young Kim, “Performance of image reconstruction techniques for efficient multimedia transmission of multicopter,” Journal of Korea Society of Space Technology (J. KOSST), vol. 9, no. 4, pp. 104-110, Dec. 2014."
82,"KRF[154] G. H. Cha, K. H. Kim, Y. M. Hwang, D. C. Lee, S. J. Kim and Jin Young Kim, “Implementation of crime pattern analysis algorithm using big data,” Journal of Korea Society of Space Technology (J. KOSST), vol. 9, no. 4, pp. 57-62, Dec. 2014."
83,"KRF[153] S. Y. Lee, K. H. Jung and Jin Young Kim, “Efficient post-processing for quantum communication systems,” Journal of Korea Society of Space Technology (J. KOSST), vol. 9, no. 4, pp. 7-12, Dec. 2014."
84,"KRF[152] Y. H. Kim, Y. S. Park, D. S. Shin, Y. M. Hwang, Jin Young Kim and J. K. Roh, “Novel interference cancellation scheme in cooperation communication environment,” Journal of Korea Society of Space Technology (J. KOSST), vol. 9, no. 3, pp. 98-103, Sept. 2014."
85,"KRF[151] Y. H. Kim, S. H. Lee, Y. M. Hwang, D. S. Shin, J. K. Roh and Jin Young Kim, “Novel synchronization scheme for ubiquitous home network systems,” Journal of Korea Society of Space Technology (J. KOSST), vol. 9, no. 3, pp. 80-85, Sept. 2014."
86,"KRF[150] S. Y. Lee, K. H. Jung, Jin Young Kim and G. Park, “Novel compressed sensing techniques for realistic image,” Journal of Korea Society of Space Technology (J. KOSST), vol. 9, no. 3, pp. 59-63, Sept. 2014."
87,"KRF[149] D. S. Shin, J. H. Park, Y. S. Park, Y. M. Hwang and Jin Young Kim, “A performance of positioning accuracy improvement scheme using wavelet denoising filter,” Journal of Korea Society of Space Technology (J. KOSST), vol. 9, no. 3, pp. 9-14, Sept. 2014."
88,"KRF[148] S. Y. Lee, K. H. Jung, Y. M. Hwang, S. H. Lee and Jin Young Kim, “Novel gain control scheme for VLC systems,” Journal of Korea Society of Space Technology (J. KOSST), vol. 9, no. 3, pp. 41-46, Sept. 2014."
89,"KRF[147] J. S. Yang, B. S. Bae, Y. M. Hwang and Jin Young Kim, ""A study of radiowave interference on location selection of satellite ground stations,"" Journal of Korean Institute of Electromagnetic Engineering and Science(J. KIEES), vol. 25, no. 9, pp.944-951, Sept. 2014."
90,"KRF[146] K. H. Jung, S. Y. Lee, S. H. Lee and Jin Young Kim, “Compressed sensing techniques for video transmission of multi-copter,” Journal of Korea Society of Space Technology (J. KOSST), vol. 9, no. 2, pp. 63-66, June 2014."
91,"KRF[145] Y. M. Hwang, K. H. Kim, Y. C. Song, S. W. Lee and Jin Young Kim, “A UE position tracking method for optical beamforming transmission in visible light communications,” Journal of Korea Society of Space Technology (J. KOSST), vol. 9, no. 2, pp. 85-90, June 2014."
92,"KRF[144] K. H. Kim, J. H. Park, Y. S. Park, Y. M. Hwang and Jin Young Kim, “Implementation of biosignal monitoring system for u-health system,” Journal of Korea Society of Space Technology (J. KOSST), vol. 9, no. 2, pp. 80-84, June 2014."
93,"KRF[143] S. J. Kim, K. H. Kim, Y. M. Hwang and Jin Young Kim, “Performance analysis of cyclostationary signal detection scheme for LTE system,” Journal of Korea Society of Space Technology (J. KOSST), vol. 9, no. 2, pp. 28-32, June 2014."
94,"KRF[142] K. H. Kim, Y. S. Park, Y. M. Hwang and Jin Young Kim, ""Efficient OFDM frame synchronization scheme for LED-ID systems,"" Journal of Korea Electromagnetic Engineering Society (J. KIEES), vol. 25, no. 4, pp. 411-417, Apr. 2014."
95,"KRF[141] J. H. Park, J. K. Seo, C. W. Park, J. J. Lee and Jin Young Kim, “Interference suppression method between AMI and EV charging systems,” Journal of Korea Society of Space Technology (J. KOSST), vol. 9, no. 1, pp. 74-78, Mar. 2014."
96,"KRF[140] S. J. Kim, S. Y. Lee and Jin Young Kim, “Threshold determination methods for cognitive radio in real DTV bandwidth,” Journal of Korea Society of Space Technology (J. KOSST), vol. 9, no. 1, pp. 22-27, Mar. 2014."
97,"KRF[139] S. J. Kim, Y. S. Park and Jin Young Kim, “Performance of signal detection for T-DMB system in multipath environments,” Journal of Korea Society of Space Technology (J. KOSST), vol. 9, no. 1, pp. 28-32, Mar. 2014."
98,"KRF[138] K. H. Kim, S. W. Lee and Jin Young Kim, “Detection algorithm of cardiac arrhythmia in ECG signal using R-R interval,” Journal of Korea Society of Space Technology (J. KOSST), vol. 9, no. 1, pp. 85-89, Mar. 2014."
99,"KRF[137] Y. S. Park, Y. M. Hwang, Y. C. Song and Jin Young Kim, “Performance of indoor positioning using visible light communication system,” Journal of Digital Contents Society (J. DCS), vol. 15, no. 1, pp. 129-136, Feb. 2014."
100,"KRF[136] M. S. Lee and Jin Young Kim, “Performance analysis of spectrum sensing using CSI with false alarm selection,” Journal of Korea Society of Space Technology (J. KOSST), vol. 8, no. 4, pp. 1-5, Dec. 2013."
101,"KRF[135] S. H. Park, Y. S. Park and Jin Young Kim, “Case study on business model for indoor positioning system,” Journal of Korea Society of Space Technology (J. KOSST), vol. 8, no. 4, pp. 64-69, Dec. 2013."
102,"KRF[134] S. Y. Lee, J. S. Cha, G. M. Park and Jin Young Kim, “Analysis of design elements in HEMP systems,” Journal of Korea Society of Space Technology (J. KOSST), vol. 8, no. 4, pp.6-11, Dec. 2013."
103,"KRF[133] S. Y. Lee, J. S. Cha, G. M. Park and Jin Young Kim, “Novel transmission system of 3D broadcasting signals using compressed sensing,” Journal of Korea Society of Space Technology (J. KOSST), vol. 8, no. 4, pp. 130-134, Dec. 2013."
104,"KRF[132] Y. M. Hwang, K. H. Kim and Jin Young Kim, “Performance of double binary turbo coding for LED-ID systems,” Journal of Korea Information and Communications Society (J. KICS), vol. 38C, no. 11, pp. 1078-1083., Nov. 2013."
105,"KRF[131] S. Y. Lee, Jin Young Kim and W. C. Park, “HEMP analysis and shielding effectiveness,” Journal of Korea Society of Space Technology (J. KOSST), vol. 8, no. 3, pp. 20-24, Sept. 2013."
106,"KRF[130] M. S. Lee and Jin Young Kim, “Cooperative spectrum sensing based on fuzzy control,” Journal of Korea Society of Space Technology (J. KOSST), vol. 8, no. 3, pp. 6-9, Sept. 2013."
107,"KRF[129] J. J. Park, Jin Young Kim, J. K. Seo and J. J. Lee, “Analysis of application protocol for demand response system,” Journal of Korea Society of Space Technology (J. KOSST), vol. 8, no. 2, pp. 56-61, June 2013."
108,"KRF[128] Y. S. Park, Y. M. Hwang and Jin Young Kim, “Novel compensation method of positioning error for LBS,” Journal of Korea Society of Space Technology (J. KOSST), vol. 8, no. 2, pp. 62-67, June 2013."
109,"KRF[127] K. H. Kim, Y. M. Hwang and Jin Young Kim, “Data transmission algorithm for LED communication systems,” Journal of Korea Society of Space Technology (J. KOSST), vol. 8, no. 2, pp. 44-49, June 2013."
110,"KRF[126] J. H. Park, J. J. Park, Jin Young Kim, J. K. Seo and J. J. Lee, “Efficient data transmission for smart grid,” Journal of Korea Society of Space Technology (J. KOSST), vol. 8, no. 2, pp. 50-55, June 2013."
111,"KRF[125] S. Y. Lee and Jin Young Kim, “Implementation of transceiver for optical wireless communication system,” Journal of Korea Society of Space Technology (J. KOSST), vol. 8, no. 1, pp. 71-76, Mar. 2013."
112,"KRF[124] S. Seo, M. S. Lee and Jin Young Kim, “Performance of cooperative spectrum sensing based on sharing threshold among cooperative users,” Journal of Korea Society of Space Technology (J. KOSST), vol. 8, no. 1, pp. 66-70, Mar. 2013."
113,"KRF[123] S. Seo, M. S. Lee and Jin Young Kim, “Performance analysis of energy detection spectrum sensing using adaptive threshold through controlling false alarms,” Journal of Korea Society of Space Technology (J. KOSST), vol. 8, no. 1, pp. 61-65, Mar. 2013."
114,"KRF[122] J. J. Park, Y. H. Kim, Jin Young Kim and J. S. Yang, “Cooperative transmission scheme for railway wireless communication system,” Journal of Korea Society of Space Technology (J. KOSST), vol. 7, no. 3, pp. 75-77, Dec. 2012."
115,"KRF[121] Y. H. Kim, K. S. Lee, J. S. Yang and Jin Young Kim, “Interference analysis between DTV relay system and low power device for efficient utilization of TV white space,” Journal of Korea Society of Space Technology (J. KOSST), vol. 7, no. 3, pp. 69-74, Dec. 2012."
116,"KRF[120]Y. M. Hwang, Y. H. Kim and Jin Young Kim, “Performance of interference mitigation using optical relay and optical beamforming in visible light communication systems,” Journal of Korea Society of Space Technology (J. KOSST), vol. 7, no. 3, pp. 63-68, Dec. 2012."
117,"KRF[119]Y. M. Hwang, Y. H. Kim and Jin Young Kim, “Performance of novel line coding scheme for flicker-free and dimming control in visible light communication systems,” Journal of Korea Society of Space Technology (J. KOSST), vol. 7, no. 3, pp. 41-46, Dec. 2012."
118,"KRF[118]J. J. Park, Y. H. Kim, Jin Young Kim and J. S. Yang, “Performance of Doppler compensation technique for railway communication system,” Journal of Korea Society of Space Technology (J. KOSST), vol. 7, no. 3, pp. 35-40, Dec. 2012."
119,"KRF[117]J. S. Yang, Y. H. Kim and Jin Young Kim, “Research on spectral interference of microwave systems,” Journal of Institute of Webcasting, Internet and Telecommunications (J. IWIT), vol. 12, no. 6, pp. 241-248, Dec. 2012."
120,"KRF[116]J. J. Park, Y. H. Kim, J. S. Yang and Jin Young Kim, “Application of cooperative transmission scheme in railway wireless communication,” Journal of Institute of Webcasting, Internet and Telecommunications (J. IWIT), vol. 12, no. 6, pp. 251-255, Dec. 2012."
121,"KRF[115]Y. M. Hwang, J. Y. Oh, Y. H. Kim, Jin Young Kim, H. S. Kim and G. I. Jee, “Closely coupled positioning technique in urban environments,” Journal of Korea Society of Space Technology (J. KOSST), vol. 7, no. 2, pp. 104-109, Sept. 2012."
122,"KRF[114]M. S. Lee, Y. H. Kim and Jin Young Kim, “Performance analysis of single hop cooperative relay spectrum sensing,” Journal of Korea Society of Space Technology (J. KOSST), vol. 7, no. 2, pp. 30-35, Sept. 2012."
123,"KRF[113]J. J. Park, Y. H. Kim, Jin Young Kim, J. K. Seo and J. J. Lee, “Power line communication for electric vehicle systems,” Journal of Korea Society of Space Technology (J. KOSST), vol. 7, no. 2, pp. 13-17, Sept. 2012."
124,"KRF[112]J. J. Park, Y. H. Kim, Jin Young Kim, J. K. Seo and J. J. Lee, “Demand response technology for smart grid,” Journal of Korea Society of Space Technology (J. KOSST), vol. 7, no. 2, pp. 1-7, Sept. 2012."
125,"KRF[111]M. S. Lee, Y. H. Kim and Jin Young Kim, “Performance of spectrum sensing using AF cooperative relay for cognitive radio system,” Journal of Institute of Webcasting, Internet and Telecommunications (J. IWIT), vol. 12, no. 4, pp. 31-36, Aug. 2012."
126,"KRF[110]K. S. Lee, Y. H. Kim and Jin Young Kim, ""Performance of cognitive radio systems based on multiple orthogonal sequences,"" Journal of Korea Electromagnetic Engineering Society (J. KIEES), vol. 23, no. 8, pp. 976-984, Aug. 2012."
127,"KRF[109]K. S. Lee, Y. H. Kim and Jin Young Kim, “Frequency utilization technology for B4G system,” Magazine of Korean Institute of Communications Sciences (M. KICS), no. 29, vol. 8, pp. 42-49, Aug. 2012."
128,"KRF[108]M. S. Lee, Y. H. Kim and Jin Young Kim, “Performance of spectrum sensing using cooperative relay for cognitive radio system,” Journal of Korea Society of Space Technology (J. KOSST), vol. 7, no. 1, pp. 7-12, June 2012."
129,"KRF[107]Y. H. Kim and Jin Young Kim, “Efficient signal detection technique using orthogonal sequence for quantum communications,” Journal of Korea Society of Space Technology (J. KOSST), vol. 7, no. 1, pp. 21-26, June 2012."
130,"KRF[106]Y. M. Hwang, Y. H. Kim and Jin Young Kim, “Implementation of visible light communication based on LED,” Journal of Korea Society of Space Technology (J. KOSST), vol. 7, no. 1, pp. 59-64, June 2012."
131,"KRF[105]M. S. Lee, Y. H. Kim and Jin Young Kim, ""Cognitive radio spectrum sensing techniques and applications,"" Magazine of Korea Electromagnetic Engineering Society (M. KIEES), vol. 23, no. 3, pp. 36-43, May 2012."
132,"KRF[104] K. S. Lee, Y. H. Kim and Jin Young Kim, ""Performance of detection probability with adaptive threshold algorithm for CR based on AD-Hoc network,"" Journal of Korea Electromagnetic Engineering Society (J. KIEES), vol. 23, no. 5, pp. 632-639, May 2012."
133,"KRF[103] M. S. Lee, Y. H. Kim and Jin Young Kim, “Collaborative wideband spectrum sensing with distance based weight combining for cognitive radio system,” Journal of Institute of Webcasting, Internet and Telecommunications (J. IWIT), vol. 12, no. 1, pp. 37-43, Feb. 2012.333"
134,"KRF[102] K. S. Lee, Y. H. Kim and Jin Young Kim, “Cluster-head decision method for cognitive radio based on wireless ad-hoc network,” Journal of Institute of Webcasting, Internet television and Telecommunications (J. IIBC), vol. 12, no. 1, pp. 91-96, Feb. 2012."
135,"KRF[101] M. S. Lee, Y. H. Kim and Jin Young Kim, “Performance analysis of collaborative wideband sensing scheme based on energy detection with user selection for cognitive radio,” Journal of Korea Society of Space Technology (J. KOSST), vol. 6, no. 2, pp. 72-77, Dec. 2011."
136,"KRF[100] K. S. Lee, Y. H. Kim, M. Lee, J. M. Lee and Jin Young Kim, “Performance of energy detection scheme with multiple antenna for cognitive radio based ad-hoc networks,” Journal of Korea Society of Space Technology (J. KOSST), vol. 6, no. 2, pp. 60-65, Dec. 2011."
137,"KRF[99]I. H. Park, Y. H. Kim and Jin Young Kim, “Performance of detection probability based on energy sensing schemes for VLC systems,” Journal of Korean Institute of Communications Sciences (J. KICS), vol. 36, no. 10, pp. 1233-1239, Oct. 2011."
138,"KRF[98]Y. C. Kim, B. Y. Cho, J. J. Lee and Jin Young Kim, “Iterative coding for high speed power line communication systems,” Journal of Institute of Webcasting, Internet television and Telecommunications (J. IIBC), vol. 11, no. 5, pp. 185-192, Oct. 2011."
139,"KRF[97]J. Lee, J. Kang, J. Cho, Y. H. Kim, Jin Young Kim and J. S. Cha, “A study of LED wireless communication channel characteristics considering latticed indoor circumstance,” Journal of Institute of Webcasting, Internet television and Telecommunications (J. IIBC), vol. 11, no. 4, pp. 203-207, Aug. 2011."
140,"KRF[96]Y. H. Choi, Y. H. Kim, Jin Young Kim, J. H. Lee and J. S. Cha, “Comparison of spectrum sensing algorithms for cognitive radio systems,” Journal of Institute of Webcasting, Internet television and Telecommunications (J. IIBC), vol. 11, no. 4, pp. 195-202, Aug. 2011."
141,"KRF[95]Jin Young Kim, ""Concept and trend of disaster telecommunications,"" Magazine of Korea Radio Promotion Association (M. RAPA), vol. 21, no. 4, 11-19, July 2011."
142,"KRF[94]K. S. Kim, I. H. Park, I. R. Lim, A. R. Hong, Jin Young Kim and Y. Shin, ""Current trend of location-based services,"" Magazine of Korean Institute of Communications Sciences (M. KICS), vol. 7, no. 28, pp. 3-14, July 2011."
143,"KRF[93]K. S. Lee, Y. H. Kim and Jin Young Kim, “Cooperative spectrum sensing with ad-hoc network for cognitive radio,” Journal of Korea Society of Space Technology (J. KOSST), vol. 6, no. 1, pp. 75-79, June 2011."
144,"KRF[92]I. H. Park, Y. H. Kim and Jin Young Kim, “Performance of interference mitigation for visible light communication system,” Journal of Korea Society of Space Technology (J. KOSST), vol. 6, no. 1, pp. 57-62, June 2011."
145,"KRF[91]J. S. Yang, Y. H. Kim, Y. H. Han, Y. H. Lee and Jin Young Kim, “Study on integrated monitoring system for protecting water pollution,” Journal of Korean Society for Biotechnology and Bioengineering (J. KSBB), vol. 26, no. 6, pp. 243-247, June 2011."
146,"KRF[90]Y. C. Kim and Jin Young Kim, “Performance of interference cancellation scheme for multihop military communication systems,” Journal of Institute of Webcasting, Internet television and Telecommunications (J. IIBC), vol. 11, no. 3, pp. 17-22, June 2011."
147,"KRF[89]S. J. Kim, I. H. Park and Jin Young Kim, “Performance of vehicle detection using alamouti for ITS,” Journal of Intelligent Transportation System (J. ITS), vol. 10, no. 3, pp. 79-84, June 2011."
148,"KRF[88]Y. H. Choi, J. N. Bae and Jin Young Kim, “Accuracy improvement scheme for location awareness based on UWB system,” Journal of Institute of Webcasting, Internet television and Telecommunications (J. IIBC), vol. 11, no. 2, pp. 231-236, Apr. 2011."
149,"KRF[87]S. Y. Lee and Jin Young Kim, ""Optimal soft decision for cooperative spectrum sensing in cognitive radio systems,"" Journal of Korea Electromagnetic Engineering Society (J. KIEES), vol. 22, no. 4, pp. 423-429, Apr. 2011."
150,"KRF[86]S. Y. Lee and Jin Young Kim, ""Optimal hard decision for cooperative spectrum sensing in cognitive radio systems,"" Journal of Korea Electromagnetic Engineering Society (J. KIEES), vol. 22, no. 4, pp. 416-422, Apr. 2011."
151,"KRF[85]Y. C. Kim, J. N. Bae, and Jin Young Kim, “Performance of equalizer schemes in power line communication systems for automatic metering reading,” Journal of Institute of Webcasting, Internet television and Telecommunications (J. IIBC), vol. 11, no. 1, pp. 29-34, Feb. 2011."
152,"KRF[84]Y. H. Kim and Jin Young Kim, “Efficient synchronization scheme for cooperative communication system over fading channel,” Journal of Korea Society of Space Technology (J. KOSST), vol. 5, no. 2, pp. 64-68, Dec. 2010."
153,"KRF[83]B. Y. Cho and Jin Young Kim, ""Novel MIMO communication scheme for enhanced indoor performance in distributed antenna systems,"" Journal of Korea Electromagnetic Engineering Society (J. KIEES), vol. 10, no. 4, pp. 263-269, Dec. 2010. (in English)"
154,"KRF[82]J. S. Cha, Jin Young Kim, Y. M. Jang, Y. S. Lim and M. H. Lee, “A study of transmitter detection method for LED-ID using OOK-SS watermarking,” Journal of Institute of Webcasting, Internet television and Telecommunications (J. IIBC), vol. 10, no. 6, pp. 281-285, Dec. 2010."
155,"KRF[81]J. S. Cha, Jin Young Kim, Y. M. Jang, J. T. Kim, K. G. Lee and K. Moon, “A study of  applying method of unipolar-ZCD spreading code for LED-ID in interference environment,” Journal of Institute of Webcasting, Internet television and Telecommunications (J. IIBC), vol. 10, no. 6, pp. 275-280, Dec. 2010."
156,"KRF[80]I. H. Park, Y. H. Kim and Jin Young Kim, ""Performance of multiuser MIMO/OFDM system using cyclic delay diversity for fading channels,"" Journal of Institute of Webcasting, Internet television and Telecommunications (J. IIBC), vol. 10, no. 6, pp. 263-268, Dec. 2010."
157,"KRF[79]Y. H. Kim, I. H. Park and Jin Young Kim, ""Transmission signal detection technique using spreading sequence for multiuser cooperative communication systems,"" Journal of Institute of Webcasting, Internet television and Telecommunications (J. IIBC), vol. 10, no. 6, pp. 257-262, Dec. 2010."
158,"KRF[78]S. H. Lee, S. Y. Lee and Jin Young Kim, ""Performance of decorrelator for multirate multicarrier DS/CDMA systems,"" Journal of Institute of Webcasting, Internet television and Telecommunications (J. IIBC), vol. 10, no. 6, pp. 31-37, Dec. 2010. (in English)"
159,"KRF[77]J. N. Bae, W. C. Park and Jin Young Kim, ""Performance of MIMO-OFDM system with linear pre-equalization over fading channel,"" Journal of Korea Electromagnetic Engineering Society (J. KIEES), vol. 21, no. 11, pp. 1269-1274, Nov. 2010."
160,"KRF[76]J. S. Cha, J. K. Rho, G. Kim, S. R. Park, Y. T. Lee, J. N. Bae and Jin Young Kim, ""Performance of DQPSK-OFDM based T-DMB additional data transmission scheme,"" Journal of Institute of Webcasting, Internet television and Telecommunications (J. IIBC), vol. 10, no. 5, pp. 127-131, Oct. 2010."
161,"KRF[75]J. S. Cha, J. K. Rho, J. M. Kang, G. Kim, S. R. Park, Y. T. Lee, J. N. Bae and Jin Young Kim, ""Performance improvement scheme of T-DMB watermarking technique using convolutional codes,"" Journal of Institute of Webcasting, Internet television and Telecommunications (J. IIBC), vol. 10, no. 5, pp. 121-125, Oct. 2010."
162,"KRF[74]B. Y. Cho and Jin Young Kim, ""On the feasibility of dual mode LTE-FDD/TDD and dual mode WiMAX-TDD/LTE-TDD systems"" Journal of Institute of Webcasting, Internet television and Telecommunications (J. IIBC), vol. 10, no. 5, pp. 45-56, Oct. 2010. (in English)"
163,"KRF[73]J. C. Kim, Y. C. Kim and Jin Young Kim, ""Capacity of convergence system of broadcasting and communications in correlated Nakagami fading channel,"" Journal of Korea Academia Industrial Cooperation Society (J. KAIS), vol. 11, no. 9, pp. 3481-3485, Sept. 2010."
164,"KRF[72]B. Y. Cho and Jin Young Kim, ""On the coexistence among WiMAX-TDD, TD-LTE, and TD-SCDMA,"" Journal of Korea Electromagnetic Engineering Society (J. KIEES), vol. 10, no. 3, pp. 104-116, Sept. 2010. (in English)"
165,"KRF[71]J. H. Choi, Y. H. Kim and Jin Young Kim, ""Performance analysis of LED-ID communication systems in an indoor environment,"" Journal of Intelligent Transportation System (J. ITS), vol. 9, no. 4, pp. 43-51, Aug. 2010."
166,"KRF[70]J. C. Kim and Jin Young Kim, “Channel capacity of additional data transmission system for spectrum efficiency improvement,” Journal of Institute of Webcasting, Internet television and Telecommunications (J. IIBC), vol. 10, no. 4, pp. 145-150, Aug. 2010."
167,"KRF[69]J. H. Choi and Jin Young Kim, “Performance of LED-ID system for home networking applications,” Journal of Institute of Webcasting, Internet television and Telecommunications (J. IIBC), vol. 10, no. 4, pp. 169-176, Aug. 2010."
168,"KRF[68]J. C. Kim, S. Y. Lee and Jin Young Kim, ""Performance of single frequency network for DVB-H system,"" Journal of Institute of Webcasting, Internet television and Telecommunications (J. IIBC), vol. 10, no. 4, pp. 151-156, Aug. 2010. (in English)"
169,"KRF[67]J. N. Bae, Y. H. Choi, and Jin Young Kim, ""Performance analysis of TWR positioning technique with ultrawide band in indoor channel,"" Journal of the Institute of Electronics Engineers of Korea (J. IEEK), vol. 47, no. 7, pp. 518-522, July 2010."
170,"KRF[66]S. Y. Lee, J. Lee and Jin Young Kim, ""Cooperative spectrum sensing with distance based weight for cognitive radio systems,"" Journal of the Institute of Electronics Engineers of Korea (J. IEEK), vol. 47, no. 7, pp. 545-550, July 2010."
171,"KRF[65]J. C. Kim, E. C. Kim and Jin Young Kim, ""Capacity analysis for convergence system of broadcasting and telecommunication,"" Journal of the Institute of Electronics Engineers of Korea (J. IEEK), vol. 47, no. 7, pp. 567-571, July 2010."
172,"KRF[64]S. Y. Lee, E. C. Kim and Jin Young Kim, ""Performance of spectrum sensing for cognitive radio systems with ITS applications,"" Journal of Intelligent Transportation System (J. ITS), vol. 9, no. 3, pp. 51-58, June 2010."
173,"KRF[63]J. C. Kim and Jin Young Kim, “Performance of Rake receivers for pulse position modulation – time hopping ultra wide band systems in indoor environments,” Journal of Institute of Webcasting, Internet television and Telecommunications (J. IIBC), vol. 10, no. 3, pp. 179-184, June 2010."
174,"KRF[62]S. Y. Lee, E. C. Kim and Jin Young Kim, ""Performance of spectrum sensing for ATSC DTV signals,"" Journal of Institute of Webcasting, Internet television and Telecommunications (J. IIBC), vol. 10, no. 3, pp. 167-172, June 2010."
175,"KRF[61]J. N. Bae, Y. H. Choi and Jin Young Kim, ""Performance of TH-PPM UWB systems in an indoor environment,"" Journal of Institute of Webcasting, Internet television and Telecommunications (J. IIBC), vol. 10, no. 3, pp. 153-158, June 2010."
176,"KRF[60]J. C. Kim, J. N. Bae and Jin Young Kim, “Analysis of channel capacity for spread spectrum watermarking systems,” Journal of Korean Institute of Communications Sciences (J. KICS), vol. 35, no. 5, pp. 439-444, June 2010."
177,"KRF[59]I. H. Park and Jin Young Kim, “Performance comparison of signal detection technique using spreading sequence for multiuser cooperative communication systems,” Journal of Korea Society of Space Technology (J. KOSST), vol. 5, no. 1, pp. 22-26, June 2010."
178,"KRF[58]S. J. Kim and Jin Young Kim, “Signal detection of cognitive radio system for 3G LTE mobile communication system,” Journal of Korea Society of Space Technology (J. KOSST), vol. 5, no. 1, pp. 27-31, June 2010."
179,"KRF[57]J. H. Choi, Y. H. Kim and Jin Young Kim, ""Compatibility analysis between DTV and WRAN systems,"" Journal of Institute of Webcasting, Internet television and Telecommunications (J. IIBC), vol. 10, no. 2, pp. 69-76, Apr. 2010. (in English)"
180,"KRF[56]J. S. Yang, Y. H. Han, Y. H. Lee, Y. H. Kim and Jin Young Kim, ""Study on water pollution measurement and integration monitoring system with B-TOX,"" Journal of Institute of Webcasting, Internet television and Telecommunications (J. IIBC), vol. 10, no. 2, pp. 61-68, Apr. 2010."
181,"KRF[55]J. C. Kim and Jin Young Kim, “Performance of interference cancellation for cooperative communication systems with maximum likelihood equalizer,” Journal of Institute of Webcasting, Internet television and Telecommunications (J. IIBC), vol. 10, no. 2, pp. 7-12, Apr. 2010."
182,"KRF[54]J. C. Kim and Jin Young Kim, “Additional data transmission scheme with digital watermarking method in generalized–K fading channel,” Journal of Institute of Webcasting, Internet television and Telecommunications (J. IIBC), vol. 10, no. 2, pp. 39-44, Apr. 2010."
183,"KRF[53]J. C. Kim, J. N. Bae and Jin Young Kim, “Channel capacity analysis of SSW technique in wireless channels for ITS system,” Journal of Intelligent Transportation System (J. ITS), vol. 9, no. 2, pp. 68-74, Apr. 2010."
184,"KRF[52]S. W. Koo and Jin Young Kim, ""Study on visible light communication with turbo-coded OFDM for intelligent transport systems,"" Journal of Intelligent Transportation System (J. ITS), vol. 9, no. 2, pp. 60-67, Apr. 2010."
185,"KRF[51]S. Y. Lee, E. C. Kim and Jin Young Kim, ""Effective cooperative FFT based pilot sensing scheme for detecting DTV signals in cognitive radio,"" Journal of Intelligent Transportation System (J. ITS), vol. 9, no. 1, pp. 27-33, Feb. 2010."
186,"KRF[50]E. C. Kim, S. I. Seo and Jin Young Kim, “Performance of tactics mobile communication system based on UWB with double binary turbo code in multiuser interference environments,” Journal of Institute of Webcasting, Internet television and Telecommunications (J. IIBC), vol. 10, no. 1, pp. 39-50, Feb. 2010."
187,"KRF[49]E. C. Kim, S. I. Seo and Jin Young Kim, ""Co-channel interference mitigation using orthogonal transmission scheme for cooperative communication system with decode-and-forward relays,"" Journal of Intelligent Transportation System (J. ITS), vol. 9, no. 1, pp. 34-41, Feb. 2010."
188,"KRF[48]S. Y. Lee, E. C. Kim and Jin Young Kim, ""Simple energy detection algorithm for spectrum sensing in cognitive radio,"" Journal of Intelligent Transportation System (J. ITS), vol. 9, no. 1, pp. 19-26, Feb. 2010. (in English)"
189,"KRF[47]Jin Young Kim and S. W. Koo, ""Turbo coded OFDM scheme for a high-speed power line communication,"" Journal of Korea Academia Industrial Cooperation Society (J. KAIS), vol. 11, no. 1, pp. 141-150, Jan. 2010. (in English)"
190,"KRF[46]S. W. Koo and Jin Young Kim, ""A study on the interference effects between UWB and T-DMB systems,"" Journal of Intelligent Transportation System (J. ITS), vol. 8, no. 6, pp. 82-87, Dec. 2009."
191,"KRF[45]Jin Young Kim, ""Performance of turbo-coded OFDM system in a satellite broadcasting channel,"" Journal of Institute of Webcasting, Internet television and Telecommunications (J. IIBC), vol. 9, no. 6, pp. 175-185, Dec. 2009. (in English)"
192,"KRF[44]Y. H. Kim, J. N. Bae, J. S. Lim, K. R. Cho, J. S. Cha and Jin Young Kim, ""Transmitter detection technique with spreading code slicing scheme for AT-DMB systems Journal of Institute of Webcasting, Internet television and Telecommunications (J. IIBC), vol. 9, no. 6, pp. 9-14, Dec. 2009. "
193,"KRF[43]S. Y. Lee, Y. H. Kim and Jin Young Kim, ""Study on effective sensing algorithm for distinction between DTV and CR systems,"" Journal of Institute of Webcasting, Internet television and Telecommunications (J. IIBC), vol. 9, no. 6, pp. 37-42, Dec. 2010."
194,"KRF[42]J. C. Kim, J. N. Bae and Jin Young Kim, ""Adaptive switching equalization for SC-FDMA systems,"" Journal of Institute of Webcasting, Internet television and Telecommunications (J. IIBC), vol. 9, no. 6, pp. 23-28, Dec. 2009."
195,"KRF[41]W. C. Park, E. C. Kim, Jin Young Kim and J. H. Kim, ""Study on efficient frequency guard band decision rule for interference avoidance,"" Journal of Korea Electromagnetic Engineering Society (J. KEES), pp. 182-187, vol. 9, no. 4, Dec. 2009. (in English)"
196,"KRF[40]S. H. Park, E. C. Kim and Jin Young Kim, ""Analysis of interference between UWB and ITS,"" Journal of Korea Electromagnetic Engineering Society (J. KEES), vol. 9, no. 4, pp. 202-210, Dec. 2009. (in English)"
197,"KRF[39]E. C. Kim, S. W. Koo and Jin Young Kim, ""Performance of energy detection spectrum sensing with delay diversity for cognitive radio system,"" Journal of Korea Electromagnetic Engineering Society (J. KEES), vol. 9, no. 4, pp. 194-201, Dec. 2009. (in English)"
198,"KRF[38]J. S. Cha, M. H. Lee, G. Kim, S. R. Park, Y. T. Lee, Jin Young Kim and J. N. Bae, ""Additional data transmission technology for T-DMB systems with MOK-SS mapping,"" Journal of Institute of Webcasting, Internet television and Telecommunications (J. IIBC), vol. 9, no. 5, pp. 123-128, Oct. 2009."
199,"KRF[37]J. S. Cha, E. C. Kim, Jin Young Kim and J. H. Kim, ""UWB based MODEM technology and RFIC property overview for wireless human body communication,"" Journal of Institute of Webcasting, Internet television and Telecommunications (J. IIBC), vol. 9, no. 5, pp. 133-138, Oct. 2009."
200,"KRF[36]S. Y. Lee, E. C. Kim, J. S. Cha, S. H. Hwang, J. K. Min and Jin Young Kim, ""Spectrum sensing technique in cognitive radio systems based on ad-hoc. networks,"" Journal of Intelligent Transportation System (J. ITS), vol. 8, no. 5, pp. 121-126, Oct. 2009."
201,"KRF[35]J. H. Choi, K. S. Lee, J. S. Cha and Jin Young Kim, ""Performance of optical path difference on visible light communication system for intelligent transport systems,"" Journal of Intelligent Transportation System (J. ITS), vol. 8, no. 5, pp. 114-120, Oct. 2009."
202,"KRF[34]S. W. Koo and Jin Young Kim, ""Iterative decoding algorithm for VLC systems,"" Journal of Korea Academia Industrial Cooperation Society (J. KAIS), vol. 10, no. 10, pp. 2766-2770, Oct. 2009."
203,"KRF[33]Jin Young Kim and J. Yang, ""Performance of PN code synchronization with extended Kalman filter for a direct-sequence spread-spectrum system,"" Journal of Korea Institute of Information and Telecommunication Facilities Engineering (J. KITFE), vol. 8, no. 3, pp. 107-110, Sept. 2009."
204,"KRF[32]S. W. Koo and Jin Young Kim, ""Performance of cyclostationary spectrum sensing of cognitive radio for WiBro systems,"" Journal of Korea Institute of Information and Telecommunication Facilities Engineering (J. KITFE), vol. 8, no. 3, pp. 111-115, Sept. 2009."
205,"KRF[31]Jin Young Kim, S. R. Yoon and J. Heo, ""Performance of a turbo-coded CDMA system in an indoor wireless infrared channel,"" Journal of Korean Society of Broadcast Engineers (J. KOBSE), vol. 14, no. 5, pp. 650-653, Sept. 2009."
206,"KRF[30]E. C. Kim, J. S. Cha, S. K. Kim, J. J. Lee, Jin Young Kim and J. J. Kang, ""Efficient interference cancellation for multi-hop relay systems,"" Journal of Institute of Webcasting, Internet television and Telecommunications (J. IIBC),, vol. 9, no. 4, pp. 47-52, Aug. 2009."
207,"KRF[29]B. Y. Cho and Jin Young Kim, ""Mobile WiMAX and its evolution towards IMT-Advanced systems,"" Journal of Telecommunications Review (J. TR), vol. 19, no.4, pp. 534-566, Aug. 2009. (in English)"
208,"KRF[28]Jin Young Kim and E. C. Kim, ""Performance analysis of optical CDMA system with cross-layer concept,"" Journal of the Institute of Electronics Engineers of Korea (J. IEEK), vol. 46, no. 7, pp. 13-23, July 2009."
209,"KRF[27]Jin Young Kim, J. S. Cha, S. K. Kim, J. J. Lee, J. H. Kim, C. H. Lee and E. C. Kim, ""Performance of double binary turbo code for powerline communication systems based on OFDM,"" Journal of Institute of Webcasting, Internet television and Telecommunications (J. IIBC), vol. 9, no. 3, pp. 193-200, June 2009."
210,"KRF[26]S. Y. Lee, E. C. Kim, J. S. Cha, Y. W. Park, S. H. Hwang, K. H. Kim, J. K. Min, S. K. Kim, J. P. Cho, Jin Young Kim and J. M. Kang, ""Spectrum sensing with diversity combining technique in cognitive radio systems,"" Journal of Institute of Webcasting, Internet television and Telecommunications (J. IIBC), vol. 9, no. 3, pp. 179-186, June 2009."
211,"KRF[25]Y. W. Park, S. H. Hwang, S. K. Kim, J. P. Cho, E. C. Kim, Jin Young Kim and J. S. Cha, ""A study on adaptive interference canceller for GSM/DVB-H terminal,"" Journal of Institute of Webcasting, Internet television and Telecommunications (J. IIBC), vol. 9, no. 2, pp. 105-110, Apr. 2009."
212,"KRF[24]E. C. Kim, J. S. Cha, C. H. Lee, J. J. Kang, S. K. Kim, S. H. Hwang and Jin Young Kim, et al, ""Performance of double binary turbo code for ultra wideband systems with multiple antenna scheme,"" Journal of Institute of Webcasting, Internet television and Telecommunications (J. IIBC), vol. 9, no. 2, pp. 117-122, Apr. 2009."
213,"KRF[23]J. S. Park, J. S. Cha, C. H. Lee, H. M. Kim, S. W. Choi, J. P. Cho, Y. W. Park and (Invited) Jin Young Kim, ""Phase offset estimation based on turbo decoding in digital broadcasting system,"" Journal of Institute of Webcasting, Internet television and Telecommunications (J. IIBC), vol. 9, no. 2, pp. 111-116, Apr. 2009."
214,"KRF[22](Invited) Jin Young Kim, E. C. Kim and J. M. Lee, ""Current issues on jamming technology for military communications,"" Magazine of Korean Institute of Communications Sciences (M. KICS), vol. 3, no. 26, pp. 32-40, Mar. 2009."
215,"KRF[21]K. J. Lee, D. J. Lee, K. S. Lee and Jin Young Kim, ""Research on PAPR reduction method using selection of extra code set in PB/MC-CDMA system,"" Journal of Intelligent Transportation System (J. ITS), vol. 8, no. 1, pp. 110-118, Feb. 2009."
216,"KRF[20]Jin Young Kim, J. H. Choi and J. S. Cha, ""New line coding of visible light communication system for WPAN,"" Journal of Korean Society of Broadcast Engineers (J. KOSBE), vol. 14, no. 1, pp. 70-80, Jan. 2009."
217,"KRF[19]Jin Young Kim and M. K. Baek, ""Performance analysis of cognitive radio cooperative spectrum sensing for intelligent transport systems,"" Journal of Intelligent Transportation System (J. ITS), vol. 7, no. 6, pp. 110-120, Dec. 2008."
218,"KRF[18]J. J. Lee, E. K. Kim, J. S. Cha, Jin Young Kim and Y. S. Kim, ""A study on the characteristic analysis of implemented baseband AIN MIM capacitor for wireless PAN and mobile communication,"" Journal of Intelligent Transportation System (J. KITS), vol. 7, no. 5, pp. 97-105, Oct. 2008."
219,"KRF[17]K. J. Lee, K. S. Lee and Jin Young Kim, ""A study on the relation between frequency diversity and intercode interference in the multi-rate MC-CDMA system,"" Journal of Intelligent Transportation System (J. KITS), vol. 7, no. 5, pp. 131-138, Oct. 2008."
220,"KRF[16](Invited) Jin Young Kim, Y. H. Kim and J. Heo, ""Perspective view of information theory with applications to communications/network/signal processing,"" Magazine of Korean Institute of Communications Sciences (M. KICS), vol. 5, no. 25, pp. 5-13, May 2008."
221,"KRF[15]Jin Young Kim, E. C. Kim and J. S. Yang, ""A study on interference analysis between FM broadcasting service and ILS localizer,"" Journal of the Institute of Electronics Engineers of Korea (J. IEEK), vol. 45, no. 3, pp. 270-281, Mar. 2008. (in English)"
222,"KRF[14](Invited) Jin Young Kim, M. K. Baek and J. S. Yang, ""4G mobile terminal based on cognitive radio technology,"" Magazine of Korean Institute of Communications Sciences (M. KICS), vol. 3, no. 25, , pp. 48-52, Mar. 2008."
223,"KRF[13]Jin Young Kim, E. C. Kim, J. S. Yang, C. S. Ryu and S. T. Oh, ""Study on interference analysis between short-range radio communication devices with frequency hopping spread spectrum and direct sequence spread spectrum methods,"" Journal of Korea Electromagnetic Engineering Society (J. KIEES), vol. 19, no. 2, pp. 271-279, Feb. 2008."
224,"KRF[12]J. Y. Kang, Jin Young Kim, E. C. Kim, J. H. Kim, S. T. Oh and C. S. Ryu, ""Study of compatibility analysis between radio services,"" Journal of Intelligent Transportation System (J. KITS), vol.6, no. 3, pp. 122-137, Dec. 2007."
225,"KRF[11]W. Choi and Jin Young Kim, ""Analysis of optimal parameters for hopping pilot beacon in a CDMA mobile cellular network,"" Journal of Intelligent Transportation System (J. KITS), vol.5, no. 2, pp. 47-57, Apr. 2007. (in English)"
226,"KRF[10](Invited) Jin Young Kim and J. Heo, ""Principle and applications of turbo code,"" Magazine of Korean Institute of Communications Sciences (M. KICS), vol. 32, no. 4, pp. 83-94, Apr. 2007."
227,"KRF[9]Jin Young Kim and E. C. Kim, “Synchronization scheme for UWB wireless communication systems,” Journal of Electronic Component, vol. 19, no. 4, pp. 98-105, Korea, Apr. 2005."
228,"KRF[8]Jin Young Kim, ""Adaptive spatial filtering for a multicarrier DS/CDMA system in a generalized fading channel,"" Journal of Telecommunications Review, vol. 14, no. 1, pp. 135-149, Feb. 2004. (in English)"
229,"KRF[7]Jin Young Kim, ""CDMA-based multimedia transmission technique in a generalized fading channel,"" Journal of the Research Institute of Information and Communications, pp. 79-91, Kwangwoon University Press, Dec. 2002. (in English)"
230,"KRF[6]Jin Young Kim, ""PN acquisition performance of a DS/CDMA system with imperfect power control in a multipath fading channel,"" Journal of Telecommunications Review, vol. 9, no. 6, pp. 1010-1020, Nov. 1999. (in English)"
231,"KRF[5]Jin Young Kim and J. H. Lee, ""Enhancement of acquisition performance using interference suppression filter in a microcellular environment,"" Journal of the Institute of Electronics Engineers of Korea (J. IEEK), vol. 34-S, no. 8, pp. 10-19, Aug. 1997. "
232,"KRF[4]Jin Young Kim and J. H. Lee, ""Performance of matched filter acquisition scheme for a DS/SSMA packet radio system,"" Journal of the Institute of Electronics Engineers of Korea (J. IEEK), vol. 33-A, no. 8, pp. 17-25, Aug. 1996."
233,"KRF[3]Jin Young Kim and J. H. Lee, ""Acquisition performance of a direct-sequence spread-spectrum multiple-access system in a multipath fading channel,"" Journal of Korean Institute of Communications Sciences (J. KICS), vol. 21, no. 5, pp. 1230-1239, May 1996. "
234,"KRF[2]Jin Young Kim and J. H. Lee, ""Performance analysis of TDL for tracking of a direct-sequence spread-spectrum system in a multipath fading channel,"" Journal of the Institute of Electronics Engineers of Korea (J. IEEK), vol. 33-A, no. 3, pp. 10-17, Mar. 1996."
235,"KRF[1]Jin Young Kim and J. H. Lee, ""Tracking performance of a CDD-DLL code tracking loop in a multipath fading channel,"" Journal of the Institute of Electronics Engineers of Korea (J. IEEK), vol. 33-A, no. 3, pp. 1-9, Mar. 1996.  "
